acids,helix,acid_num
GLY,0.0,1
ALA,0.0,0
MET,1.0,17
GLY,1.0,1
ALA,1.0,0
SER,1.0,14
ARG,1.0,11
LEU,1.0,3
TYR,1.0,8
THR,1.0,15
LEU,1.0,3
VAL,1.0,5
LEU,1.0,3
VAL,1.0,5
LEU,1.0,3
GLN,1.0,19
PRO,1.0,4
GLN,0.0,19
ARG,0.0,11
VAL,0.0,5
LEU,0.0,3
LEU,0.0,3
GLY,0.0,1
MET,0.0,17
LYS,0.0,13
LYS,0.0,13
ARG,0.0,11
GLY,0.0,1
PHE,0.0,6
GLY,0.0,1
ALA,0.0,0
GLY,0.0,1
ARG,0.0,11
TRP,0.0,7
ASN,0.0,18
GLY,0.0,1
PHE,0.0,6
GLY,0.0,1
GLY,0.0,1
LYS,0.0,13
VAL,0.0,5
GLN,0.0,19
GLU,0.0,10
GLY,0.0,1
GLU,0.0,10
THR,0.0,15
ILE,0.0,2
GLU,0.0,10
ASP,0.0,9
GLY,0.0,1
ALA,0.0,0
ARG,0.0,11
ARG,0.0,11
GLU,0.0,10
LEU,0.0,3
GLN,0.0,19
GLU,0.0,10
GLU,0.0,10
SER,0.0,14
GLY,0.0,1
LEU,0.0,3
THR,0.0,15
VAL,0.0,5
ASP,0.0,9
ALA,0.0,0
LEU,0.0,3
HIS,0.0,12
LYS,1.0,13
VAL,1.0,5
GLY,1.0,1
GLN,1.0,19
ILE,1.0,2
VAL,1.0,5
PHE,1.0,6
GLU,1.0,10
PHE,0.0,6
VAL,0.0,5
GLY,1.0,1
GLU,1.0,10
PRO,1.0,4
GLU,1.0,10
LEU,1.0,3
MET,1.0,17
ASP,1.0,9
VAL,1.0,5
HIS,1.0,12
VAL,1.0,5
PHE,1.0,6
CYS,0.0,16
THR,0.0,15
ASP,0.0,9
SER,0.0,14
ILE,0.0,2
GLN,0.0,19
GLY,0.0,1
THR,0.0,15
PRO,0.0,4
VAL,0.0,5
GLU,0.0,10
SER,0.0,14
ASP,0.0,9
GLU,0.0,10
MET,0.0,17
ARG,0.0,11
PRO,0.0,4
CYS,0.0,16
TRP,0.0,7
PHE,0.0,6
GLN,0.0,19
LEU,0.0,3
ASP,0.0,9
GLN,0.0,19
ILE,0.0,2
PRO,0.0,4
PHE,0.0,6
LYS,0.0,13
ASP,0.0,9
MET,0.0,17
TRP,0.0,7
PRO,0.0,4
ASP,0.0,9
ASP,0.0,9
SER,0.0,14
TYR,0.0,8
TRP,0.0,7
PHE,0.0,6
PRO,0.0,4
LEU,0.0,3
LEU,0.0,3
LEU,0.0,3
GLN,0.0,19
LYS,0.0,13
LYS,0.0,13
LYS,0.0,13
PHE,0.0,6
HIS,0.0,12
GLY,0.0,1
TYR,0.0,8
PHE,0.0,6
LYS,0.0,13
PHE,0.0,6
GLN,0.0,19
GLY,0.0,1
GLN,0.0,19
ASP,0.0,9
THR,0.0,15
ILE,0.0,2
LEU,0.0,3
ASP,0.0,9
TYR,0.0,8
THR,0.0,15
LEU,0.0,3
ARG,0.0,11
GLU,0.0,10
VAL,0.0,5
ASP,0.0,9
THR,0.0,15
VAL,0.0,5
